264014	how long is life cycle of flea how long is life cycle of flea how long is life cycle of flea how long is life cycle of flea how long is life cycle of flea some keywords that can be used to search for information on the life cycle of fleas Flea life cycle Flea development stages Flea lifespan How long do fleas live Flea eggs to adult Flea metamorphosis Flea stages of development Flea growth cycle Length of flea life cycle Flea biology You can also use long-tail keywords such as Flea life cycle stages and duration How long does a flea live from egg to
104861	"cost of interior concrete flooring cost of interior concrete flooring cost of interior concrete flooring cost of interior concrete flooring cost of interior concrete flooring Here is a list of keywords related to the query ""cost of interior concrete flooring"" *Primary keywords:** Concrete flooring cost Interior concrete floor cost Concrete floor pricing Cost of polished concrete floors Concrete flooring estimates *Secondary keywords:** Concrete floor installation cost Interior concrete floor installation prices Cost of concrete floor finishing Concrete floor sealing cost Polished concrete floor cost per square foot *Long-tail keywords:** Cost of stained concrete flooring interior Price of decorative concrete floors for interior spaces"
130510	"definition declaratory judgment definition declaratory judgment definition declaratory judgment definition declaratory judgment definition declaratory judgment some keywords related to the query ""definition declaratory judgment"" Declaratory judgment Definition Legal definition Court judgment Judicial declaration Declaratory relief Civil procedure Litigation Dispute resolution Judicial interpretation Some long-tail keywords that may also be relevant What is declaratory judgment Declaratory judgment law Declaratory judgment example Declaratory judgment vs adjudication Purpose of declaratory judgment Grounds for declaratory"
1114819	what is durable medical equipment consist of what is durable medical equipment consist of what is durable medical equipment consist of what is durable medical equipment consist of what is durable medical equipment consist of some keywords that can be used to find information on what durable medical equipment consists of Medical supplies Home healthcare equipment Hospital equipment Medical devices Mobility aids Rehabilitation equipment Prosthetics Orthotics Wheelchairs Commodes Hospital beds Oxygen equipment Respiratory therapy equipment Wound care equipment Diagnostic equipment Additionally you can also use long-tail keywords such as Types of durable medical equipment Durable medical equipment
1110199	"what is wifi vs bluetooth what is wifi vs bluetooth what is wifi vs bluetooth what is wifi vs bluetooth what is wifi vs bluetooth Here is a list of keywords related to the query ""what is wifi vs bluetooth"" *Primary keywords:** WiFi Bluetooth Comparison Differences Wireless technology *Secondary keywords:** Internet connectivity Wireless networking Device connectivity Range and coverage Data transfer Security Power consumption Compatibility Devices (e.g. smartphones laptops speakers) Wireless communication"
1129237	hydrogen is a liquid below what temperature hydrogen is a liquid below what temperature hydrogen is a liquid below what temperature hydrogen is a liquid below what temperature hydrogen is a liquid below what temperature some keywords that can be used to find the answer to the query Hydrogen Liquid Temperature Boiling point Freezing point Phase transition Critical point Cryogenic Low temperature You can also use specific temperature ranges such as Kelvin (K) Celsius (°C) Fahrenheit (°F) Additionally you can use phrases like hydrogen liquid temperature hydrogen boiling point hydrogen phase transition
573724	what are the social determinants of health what are the social determinants of health what are the social determinants of health what are the social determinants of health what are the social determinants of health Here is a list of keywords related to the social determinants of health *Main keywords:** Social determinants of health Health equity Health disparities Socioeconomic factors Environmental health *Sub-keywords:** Education Income Employment Housing Food security Transportation Access to healthcare Cultural competence Social support Community resources Environmental pollution Climate change
1121709	"what are the three percenters? what are the three percenters? what are the three percenters? what are the three percenters? what are the three percenters? Here is a list of keywords that can be used to research the query ""what are the Three Percenters?"" Three Percenters %ers III%ers Militia movement Right-wing extremism Patriot movement Anti-government groups Paramilitary organizations American patriotism Constitutional militia Second Amendment activism Radical right-wing groups Domestic terrorism Note: The Three Percenters are a loosely organized movement and some of these keywords may have overlapping or related meanings. It's essential to approach research on this topic with a critical and nuanced perspective recognizing the"
489204	"right pelvic pain causes right pelvic pain causes right pelvic pain causes right pelvic pain causes right pelvic pain causes Here is a list of potential keywords related to the query ""right pelvic pain causes"" Pelvic pain Right-sided pelvic pain Abdominal pain Lower abdominal pain Chronic pelvic pain Acute pelvic pain Pelvic inflammatory disease (PID) Ovarian cysts Endometriosis Uterine fibroids Adenomyosis Pelvic floor dysfunction Irritable bowel syndrome (IBS) Constipation Appendicitis Kidney stones"
131843	"definition of a sigmet definition of a sigmet definition of a sigmet definition of a sigmet definition of a sigmet Here is a list of keywords related to the query ""definition of a sigmet"" Sigmet Definition Aviation weather Meteorology Aeronautical weather Weather alert ICAO (International Civil Aviation Organization) Aviation safety Weather forecasting Meteorological information SIGMET (Significant Meteorological Information) You can also use long-tail keywords such as What is a sigmet in aviation Sigmet definition and explanation Understanding sigmet in meteorology Sigmet alert types and categories How sigmet affects"
207786	"how are some sharks warm blooded how are some sharks warm blooded how are some sharks warm blooded how are some sharks warm blooded how are some sharks warm blooded some keywords related to the query ""how are some sharks warm blooded"" Elasmobranchs Endothermy Counter-current heat exchange Warm-blooded sharks Shark physiology Body temperature regulation Great white sharks Mako sharks Lamnid sharks Thermoregulation Shark anatomy Vascular rete Heat conservation Fish physiology Marine biology These keywords can be used to search for more information on how some sharks like great whites and"
359349	"how to find the midsegment of a trapezoid how to find the midsegment of a trapezoid how to find the midsegment of a trapezoid how to find the midsegment of a trapezoid how to find the midsegment of a trapezoid some relevant keywords for the query ""how to find the midsegment of a trapezoid"" Midsegment Trapezoid Geometry Midline Median Trapezoidal midsegment Quadrilateral Shape properties Geometric calculation Midsegment formula Additionally you can also consider long-tail keywords such as Finding the midsegment of a trapezoid formula How to calculate the midsegment of a trapezoid Properties of the midsegment"
443396	"lps laws definition lps laws definition lps laws definition lps laws definition lps laws definition some potential keywords related to the query ""lps laws definition"" LPS Laws Definition LPS laws Legal Statutes Regulations LPS definition Law definition LPS regulations You can also consider long-tail keywords such as LPS laws and regulations Definition of LPS laws LPS legal definition Understanding LPS laws LPS laws and statutes Note that without more context it's difficult to"
146187	"difference between a mcdouble and a double cheeseburger difference between a mcdouble and a double cheeseburger difference between a mcdouble and a double cheeseburger difference between a mcdouble and a double cheeseburger difference between a mcdouble and a double cheeseburger some potential keywords that could be related to the query ""difference between a McDouble and a double cheeseburger"" McDouble Double Cheeseburger McDonald's Fast food Burgers Cheeseburgers Menu comparison Food comparison McDouble vs Double Cheeseburger Fast food burgers Burger differences McDonald's menu Double cheeseburger comparison You could also consider long-tail keywords such as McDouble vs Double Cheeseburger ingredients McDouble vs Double Cheeseburger nutrition McDouble vs Double Cheeseburger price"
148538	difference between rn and bsn difference between rn and bsn difference between rn and bsn difference between rn and bsn difference between rn and bsn some keywords that can be used to search for information on the difference between RN (Registered Nurse) and BSN (Bachelor of Science in Nursing) RN vs BSN Registered Nurse vs Bachelor of Science in Nursing BSN vs RN salary Nursing degree comparison RN to BSN BSN benefits RN education requirements Nursing career paths BSN curriculum RN job outlook Long-tail keywords What is the difference between RN
527433	"types of dysarthria from cerebral palsy types of dysarthria from cerebral palsy types of dysarthria from cerebral palsy types of dysarthria from cerebral palsy types of dysarthria from cerebral palsy some keywords related to the query ""types of dysarthria from cerebral palsy"" *Primary keywords:** Dysarthria Cerebral palsy Speech disorders Motor speech disorders *Specific types of dysarthria:** Spastic dysarthria Dyskinetic dysarthria Ataxic dysarthria Hypokinetic dysarthria Mixed dysarthria *Related keywords:** Neurological disorders Pediatric speech therapy Communication disorders Speech-language pathology"
1037798	"who is robert gray who is robert gray who is robert gray who is robert gray who is robert gray Here is a list of potential keywords related to the query ""who is Robert Gray"" Robert Gray Biography Historical figure American poet Poet laureate Literary figure 20th century poet Pulitzer Prize Poetry Author Additionally considering there may be multiple individuals with the name Robert Gray some additional keywords to narrow down the search could be Robert Gray poet Robert Gray author Robert Gray American poet Robert Gray biography Robert Gray literary career If you"
490595	"rsa definition key rsa definition key rsa definition key rsa definition key rsa definition key Here is a list of keywords related to the query ""rsa definition key"" RSA Encryption Cryptography Public key Private key Asymmetric key Secure authentication Data encryption Key pair Digital signature You can also consider long-tail keywords such as RSA encryption algorithm Public key cryptography Asymmetric key encryption RSA key generation Secure socket layer (SSL) Secure data transmission Cryptographic protocol Key management"
451602	"medicare's definition of mechanical ventilation medicare's definition of mechanical ventilation medicare's definition of mechanical ventilation medicare's definition of mechanical ventilation medicare's definition of mechanical ventilation some keywords that can be used for the query ""Medicare's definition of mechanical ventilation"" Medicare Mechanical ventilation Ventilator Respiratory therapy Life-sustaining treatment Ventilator-dependent Chronic respiratory failure End-stage respiratory disease Critical care Medical necessity Coverage criteria CMS (Centers for Medicare and Medicaid Services) Medicare guidelines Ventilation support Respiratory care Additionally some specific codes and terms that may be relevant to the query include"
182539	"example of monotonic function example of monotonic function example of monotonic function example of monotonic function example of monotonic function Here is a list of keywords related to the query ""example of monotonic function"" Monotonic Function Increasing Decreasing Non-decreasing Non-increasing Mathematical function Monotonicity Continuous function Differentiable function Some specific examples of monotonic functions that can be used as keywords include Linear function Exponential function Logarithmic function Constant function Step function Additionally some mathematical concepts related to monotonic functions can also be used"
87452	"causes of military suicide causes of military suicide causes of military suicide causes of military suicide causes of military suicide Here is a list of keywords related to the query ""causes of military suicide"" PTSD (Post-Traumatic Stress Disorder) Combat stress Military mental health Traumatic brain injury (TBI) Deployment-related stress Separation and divorce Substance abuse Military culture and stigma Lack of social support Access to firearms Financial stress Military transition and reintegration Military training and indoctrination Unit cohesion and camaraderie Leadership and command climate Mental"
156493	"do goldfish grow do goldfish grow do goldfish grow do goldfish grow do goldfish grow some relevant keywords related to the query ""do goldfish grow"" Goldfish growth Goldfish size Goldfish development Fish growth rate Goldfish care Aquarium fish growth Goldfish tank size Fish growth stages Goldfish nutrition Goldfish health Long-tail keywords How fast do goldfish grow What factors affect goldfish growth Goldfish growth rate per month Maximum goldfish size How to promote goldfish growth Goldfish"
915593	"what types of food can you cook sous vide what types of food can you cook sous vide what types of food can you cook sous vide what types of food can you cook sous vide what types of food can you cook sous vide Here is a list of keywords related to the query ""what types of food can you cook sous vide"" *Main keywords:** Sous vide Cooking methods Food types Recipe ideas *Food-specific keywords:** Meat + Beef + Pork + Chicken + Lamb + Venison Fish and seafood + Salmon + Shrimp + Scallops + Lobster + Cod Eggs"
19335	anthropological definition of environment anthropological definition of environment anthropological definition of environment anthropological definition of environment anthropological definition of environment Here is a list of keywords related to the anthropological definition of environment **Ecology** **Culture** **Nature** **Human adaptation** **Environmental anthropology** **Societal impact** **Human-environment interaction** **Ecosystem** **Anthropogenic change** **Globalization** **Sustainability** **Resource management** **Indigenous knowledge** **Environmental perception** **Cultural ecology** Additionally some relevant anthropological theories and concepts related to the definition of environment include
47923	axon terminals or synaptic knob definition axon terminals or synaptic knob definition axon terminals or synaptic knob definition axon terminals or synaptic knob definition axon terminals or synaptic knob definition some keywords that can be used to search for the definition of axon terminals or synaptic knobs Axon terminals Synaptic knobs Synaptic terminals Presynaptic terminals Neuron endings Synaptic vesicles Neurotransmitter release Synaptic transmission Neural signaling Axonal endings You can also use long-tail keywords such as Definition of axon terminals What are synaptic knobs Function of axon terminals Synaptic terminal structure Axon
183378	"exons definition biology exons definition biology exons definition biology exons definition biology exons definition biology Here is a list of keywords related to the query ""exons definition biology"" Exons Biology Genetics Molecular biology DNA Gene expression Transcription RNA Protein synthesis Coding regions Non-coding regions Introns Gene structure Genomics Additionally some long-tail keywords that may be relevant to the query include What are exons in biology Exon definition in genetics Exon function in gene expression"
87181	causes of left ventricular hypertrophy causes of left ventricular hypertrophy causes of left ventricular hypertrophy causes of left ventricular hypertrophy causes of left ventricular hypertrophy Here is a list of keywords related to the causes of left ventricular hypertrophy Hypertension High blood pressure Aortic stenosis Aortic valve disease Cardiomyopathy Heart failure Diabetes Obesity Hyperaldosteronism Renal artery stenosis Pheochromocytoma Thyrotoxicosis Anemia Chronic kidney disease Aging Genetics Familial cardiomyopathy
1133167	"how is the weather in jamaica how is the weather in jamaica how is the weather in jamaica how is the weather in jamaica how is the weather in jamaica Here is a list of keywords that can be used for the query ""how is the weather in Jamaica"" Jamaica Weather Climate Temperature Forecast Caribbean Island weather Tropical weather Jamaica weather today Current weather conditions Additional long-tail keywords that can be used Jamaica weather forecast 7 days Best time to visit Jamaica weather-wise Jamaica weather in [month/season] Jamaica current weather conditions Weather in"
855410	"what is theraderm used for what is theraderm used for what is theraderm used for what is theraderm used for what is theraderm used for Here is a list of keywords that can be used to answer the query ""what is Theraderm used for"" Theraderm Skin care Moisturizer Anti-aging Hydration Skin conditions Eczema Psoriasis Acne Rosacea Dermatologist-recommended Topical cream Skin treatment Anti-inflammatory Protective barrier Additionally some long-tail keywords that can be used to provide more specific information include Th"
1115776	"what is an aml surveillance analyst what is an aml surveillance analyst what is an aml surveillance analyst what is an aml surveillance analyst what is an aml surveillance analyst Here is a list of keywords related to the query ""what is an AML surveillance analyst"" *Primary keywords:** AML (Anti-Money Laundering) Surveillance Analyst Financial Crime Compliance Risk Management *Related keywords:** Anti-Terrorist Financing (ATF) Know Your Customer (KYC) Transaction Monitoring Suspicious Activity Reporting (SAR) Financial Institutions Regulatory Compliance Fraud Detection Risk Assessment Money Laundering Detection Banking Secrec"
1124210	tracheids are part of _____. tracheids are part of _____. tracheids are part of _____. tracheids are part of _____. tracheids are part of _____. Here is the list of keywords for the given query Tracheids Xylem Vascular tissue Plant anatomy Wood Trees Plant cells These keywords can help complete the sentence: Tracheids are part of the xylem
962179	"when was the salvation army founded when was the salvation army founded when was the salvation army founded when was the salvation army founded when was the salvation army founded the keywords for the query ""when was the Salvation Army founded"" Salvation Army Founding Date History Establishment William Booth Christianity Charity Non-profit Organization You can also consider long-tail keywords such as Salvation Army founding date When was the Salvation Army established History of the Salvation Army William Booth and the Salvation Army Salvation Army founding year"
833860	"what is the most popular food in switzerland what is the most popular food in switzerland what is the most popular food in switzerland what is the most popular food in switzerland what is the most popular food in switzerland Here is a list of keywords related to the query ""what is the most popular food in Switzerland"" Swiss cuisine Traditional Swiss food Popular Swiss dishes Switzerland food culture Swiss specialties Most eaten food in Switzerland Swiss national dishes Food in Switzerland Swiss recipes Best food in Switzerland Additionally some specific keywords related to popular Swiss foods could be Fondue Raclette Rösti Swiss cheese Chocolate Bircher muesli"
1114646	"what is famvir prescribed for what is famvir prescribed for what is famvir prescribed for what is famvir prescribed for what is famvir prescribed for Here is a list of keywords that can be used to answer the query ""what is Famvir prescribed for"" Famvir Prescription Uses Indications Antiviral Herpes Shingles Genital herpes Cold sores Viral infections Treatment Medication Pharmaceutical Health Medicine Additionally some specific keywords related to the conditions that Famvir is prescribed for include Herpes simplex virus (HSV) Varicella-zoster virus (VZV)"
1113437	what is physical description of spruce what is physical description of spruce what is physical description of spruce what is physical description of spruce what is physical description of spruce Here is a list of keywords that can be used to find information on the physical description of spruce Spruce tree Evergreen Coniferous Tree characteristics Physical attributes Height Trunk Branches Leaves Needles Color Shape Size Bark Texture You can also narrow down the search by using specific types of spruce such as White spruce Black spruce
1117099	"what is a active margin what is a active margin what is a active margin what is a active margin what is a active margin some relevant keywords for the query ""what is an active margin"" Tectonic plates Plate boundary Seismically active Earthquake zone Volcanic activity Continental drift Oceanic crust Subduction zone Transform fault Geologic activity You can also consider long-tail keywords such as Types of plate boundaries Characteristics of active margins Examples of active margins Active margin formation Active margin processes Additionally you can also use keywords related to"
1121402	"what can contour plowing reduce what can contour plowing reduce what can contour plowing reduce what can contour plowing reduce what can contour plowing reduce some potential keywords related to the query ""what can contour plowing reduce"" Soil erosion Water pollution Runoff Sedimentation Landslides Erosion control Soil degradation Water quality Ecosystem damage Environmental impact Additionally some long-tail keywords that could be relevant include Contour plowing benefits Soil erosion control methods Water conservation techniques Sustainable farming practices Environmental conservation methods These keywords can"
168216	does legionella pneumophila cause pneumonia does legionella pneumophila cause pneumonia does legionella pneumophila cause pneumonia does legionella pneumophila cause pneumonia does legionella pneumophila cause pneumonia Here is a list of keywords that can be used to search for information on whether Legionella pneumophila causes pneumonia Legionella pneumophila Pneumonia Legionnaires' disease Respiratory infection Bacterial pneumonia Waterborne pathogens Legionellosis Community-acquired pneumonia Atypical pneumonia Lung infection You can also use long-tail keywords such as Legionella pneumophila pneumonia symptoms Legionnaires disease causes and symptoms Waterborne pneumonia
1112341	what is the daily life of thai people what is the daily life of thai people what is the daily life of thai people what is the daily life of thai people what is the daily life of thai people Here is a list of keywords related to the daily life of Thai people *General Keywords** Thai culture Daily life in Thailand Thai lifestyle Thailand traditions Thai people *Family and Social Life** Family values in Thailand Thai family structure Social etiquette in Thailand Thai relationships Community life in Thailand *Food and Cuisine** Thai food Street food in Thailand Thai cuisine Food culture in Thailand Thai dining habits *Work and Education**
1063750	"why did the us volunterilay enter ww1 why did the us volunterilay enter ww1 why did the us volunterilay enter ww1 why did the us volunterilay enter ww1 why did the us volunterilay enter ww1 Here is a list of keywords related to the query ""why did the US voluntarily enter WW1"" **World War I** **United States** **Entry into WW1** **Voluntary involvement** **Causes of US entry** **Sinking of the Lusitania** **Unrestricted submarine warfare** **Zimmermann Telegram** **Nationalism** **American isolationism** **Economic interests** **Imperialism** **President Woodrow Wilson** **US neutrality**"
405717	is cdg airport in main paris is cdg airport in main paris is cdg airport in main paris is cdg airport in main paris is cdg airport in main paris Here is a list of keywords that can be used to search for information on whether CDG airport is in main Paris CDG airport location Paris airport location Charles de Gaulle airport location Is CDG airport in Paris city CDG airport distance from Paris city center Paris airport map CDG airport to Paris city center Location of CDG airport in relation to Paris Paris airport proximity to city center You can also use long-tail keywords like Is CDG airport considered part of main Paris How far is CDG airport from central Paris
1103812	who formed the commonwealth of independent states who formed the commonwealth of independent states who formed the commonwealth of independent states who formed the commonwealth of independent states who formed the commonwealth of independent states some potential keywords that could be used to find information on who formed the Commonwealth of Independent States Commonwealth of Independent States (CIS) Soviet Union Dissolution of the Soviet Union Post-Soviet states Former Soviet Republics Russia Belarus Ukraine Armenia Azerbaijan Kazakhstan Kyrgyzstan Moldova Tajikistan Turkmenistan Uzbekistan Soviet collapse Boris Yeltsin Mikhail G
1106007	"define visceral? define visceral? define visceral? define visceral? define visceral? some keywords related to the query ""define visceral"" Visceral Definition Anatomy Organs Abdomen Gut Instinct Intuition Emotion Biology Additionally some related phrases that could be used as keywords include Visceral meaning Visceral definition biology What is visceral Visceral response Visceral instinct These keywords and phrases can be used to refine a search for a definition of the term ""visc"
