23849	are naturalization records public information naturalization, records, public, information, archives,移民记录, 家谱, 历史研究 naturalization, records, public, information, immigration, archives, databases naturalization, records, public, information, archives, immigration, documents naturalization, records, public, information, immigration, archives, database, citizenship naturalization, records, public, information, immigration,档案, 美国, 归化, 文件
156498	do google docs auto save google.docs.auto.save, automatic.saving.docs, google.docs.settings, save.documents.auto, auto.save.feature_docs, document.autosave, google.docs tips, autosave.functionality google, docs, auto, save, documents, features google docs auto save, automatic saving, google doc settings, document autosave, google workspace autosave google, docs, auto, save, feature, functionality, document, automation, revision, history, versioning google,docs,auto,save,features,settings
258062	how long does it take to remove wisdom tooth wisdom tooth extraction, recovery time, tooth removal, dental surgery, oral surgery, anesthesia, pain management, postoperative care, healing time wisdom tooth extraction, removal time, dental surgery, recovery period, tooth extraction duration, oral surgery wisdom tooth extraction, removal time, dental surgery, recovery period, oral surgery wisdom tooth removal, extraction time, dental surgery, recovery period, oral surgery, tooth extraction, anesthesia, postoperative care, dentist, surgery duration wisdom teeth extraction, recovery time, dental surgery, oral surgery, anesthesia, pain management,术后恢复时间,拔智齿时间
1071750	why is pete rose banned from hall of fame Pete Rose, Hall of Fame, banned, gambling, baseball, retirement, controversy Pete Rose, Hall of Fame, betting, baseball, ban, steroids, retirement Pete Rose, baseball, Hall of Fame, gambling, ban, career, statistics Pete Rose, Hall of Fame, ban, baseball, gambling, eligibility, sports Pete Rose, Hall of Fame, ban, gambling, baseball, retirement, eligibility, scandal
67316	can fever cause miscarriage early pregnancy fever, miscarriage, early pregnancy, temperature, pregnancy complications, fetal development, body heat, pregnancy symptoms, prenatal care, risk factors fever, miscarriage, early, pregnancy, temperature, fetal, development, risk, abortion fever, miscarriage, early, pregnancy, temperature, abortion, risk, symptoms fever, miscarriage, early pregnancy, temperature, pregnancy complications, gestational fever fever, miscarriage, early pregnancy, temperature, pregnancy complications, fetal development, trimester, risk factors
169208	does mississippi have an income tax mississippi,income,tax,retirement,fringebenefits mississippi,income,tax,retirement,taxation,states,taxes Mississippi,income,tax,retirement,wealth Mississippi,income,tax,retirement,wealth,levy,payroll Mississippi,income,tax,taxation,federal,state,government,payroll,sales,taxes
938400	when did family feud come out? Family Feud, debut, show, year, premiere Family Feud, television show, debut, year, 1970s Family Feud, television show, debut, year Family Feud, television show, debut, year, 1970s Family Feud, television show, debut, year
1108651	what the best way to get clothes white best, way, get, clothes, white, stain, removal, bleach, washing, technique, laundry, brightening best, way, get, clothes, white, bleaching, stains, laundry, tips, cleaning best, way, get, clothes, white, bleaching, stain, removal, tips, cleaning, laundry best, way, get, clothes, white, bleaching, stains, detergent, tips, cleaning best, way, get, clothes, white, cleaning, stains, bleach, laundry, tips
1037496	who is rep scalise? Rep Scalise, politics, congressman, Louisiana, gunman, 2017 RepScalise, SteveScalise, RepublicanParty, Politics, CongressmanScalise Rep Scalise, politician, Florida, Republican, gunman, 2017 RepScalise, SteveScalise, RepublicanParty, Politics, CongressMember Rep Scalise, political figure, Republican Party, Florida, shooter, 2017 altercation, congressional shooting, Mark Meadows, deputy whip
1064670	why do hunters pattern their shotguns? hunting, shotgun, patterning, ammunition, spread, accuracy, shooting, tactics hunting, shotgun, patterning, choke, spread, hunting tactics hunting, shotgun, patterning,子弹散布,射击模式,射孔图案 hunting, shotgun, patterning, spread, pellets, ammunition, accuracy, shooting, techniques, game, wildlife hunting, shotgun, patterning, spread, ammunition, choke, game, shooting, accuracy
1043135	who killed nicholas ii of russia Nicholas II, Russia, assassination, tsar, 1918 Nicholas II, Russia, assassination, tsar, 1918 Nicholas II, Russia, assassination, tsar, 1918 Nicholas II, Russia, assassinated, royal family, 1918 Nicholas II, Russia, assassination, tsar, 1918
1122767	what amino produces carnitine amino acids,carnitine,production,body chemistry,lysine,synthesis,metabolism,biological processes amino acids,carnitine,production,biosynthesis,L-lysine,L-arginine amino acids,carnitine,production,body biology,metabolism,L-carnitine,Lysine amino acids,carnitine,production,biology,synthesis,L-lysine amino acids,carnitine,production,lysine,biosynthesis
1127540	meaning of shebang shebang meaning#,Unix#,script#,interpretation#,hashbang#,Linux#,bash#,command#,header# shebang meaningUnix , UnixCommand , shebangExplanation , scriptInterpreter , hashBang , LinuxShebang shebang, Unix, script, interpreter, directive, bang, #!, programming shebang explanation,Unix shebang,script interpreter,hashbang,#!/bin/bash shebang,Unix,#!/bin/bash,script,introduction,interpretation,command,line,Unix convention
1116380	what is a nonconformity? earth science nonconformity, earth, science, geology, stratigraphy, rock, layer, boundary nonconformity, geology, earth, science, discrepancy, stratigraphy nonconformity, earth, science, geological, discrepancy, stratigraphy, geology, rock, layer nonconformity, earth, science, geology, stratigraphy, rock, layer, boundary nonconformity, earth, science, geological, discrepancy, stratigraphy, geology, rock, layer, formation
914916	what type of tissue are bronchioles bronchioles, tissue, respiratory, epithelial, alveoli, lung bronchioles,tissue,type,pulmonary,alveoli,respiratory,structure,functionatomy bronchioles,tissue,type,pulmonary,alveoli,respiratory, anatomy bronchioles,tissue,type,pulmonary,alveoli,lungatomyocytes bronchioles,tissue,type,pulmonary,respiratory,alveoli,epithelial
1110678	what is the un fao United Nations, Food and Agriculture Organization, UNFAO UN,FAO,United,Nations,Food,Agriculture,Organization,international,body,agriculture,foodsecurity,statistical,organization UN,FAO,United,Nations,Food,Agriculture,Organization,international,agencies,foodsecurity UN, FAO, food, agriculture, organization UN,FAO,United Nations Food and Agriculture Organization
47210	average wedding dress alteration cost wedding, dress, alterations, cost, average, pricing, modification, seamstress, bridal, expenses wedding, dress, alterations, cost, average, pricing, tailor, modification, gown, expense wedding, dress, alterations, cost, average, pricing, gown,修改费用, 婚纱修改, 平均费用 wedding, dress, alterations, cost, average, pricing, gown, modification, bridal, expense wedding, dress, alterations, cost, average, bridal, modification, expense, gown, budget
877809	what metal are hip replacements made of hip replacements, metals, prosthetics, medical implants, titanium, cobalt chrome, ceramic, stainless steel metal, hip, replacements, materials, surgery, prosthetics metal, hip, replacements, surgery, prosthetics, materials metal, hip, replacements, implants, materials metal, hip replacements, materials, medical implants, surgery, biomedicalengineering
1106979	define pareto chart in statistics pareto, chart, statistics, definition, quality, management, business, analysis, tool, frequency, principle pareto, chart, statistics, define, quality, management, principle, histogram, cumulative, frequency pareto, chart, statistics, define, quality, management, analysis, principle, business, improvement, histogram, cumulative, frequency pareto, chart, statistics, define, quality, management, principles, analysis, business, optimization pareto, chart, statistics, define, quality, management, tool, frequency, cumulative, percentage
1113256	what is reba mcentire's net worth Reba Mcentire, net worth, celebrity finance, entertainment money, artist wealth reba mcentire, net worth, celebrity net worth, assets, wealth, income Reba Mcentire, net worth, entertainment, musician, country singer, assets, wealth Reba Mcentire, net worth, actress, country singer, assets, financial, wealth Reba, Mctnerie, Net, Worth,财富, actress, singer, country, music, assets
730539	what is chronometer who invented it chronometer,invented,history,timekeeping chronometer,invented,timekeeping,horology,watchmaker,18th,clockmaker,jam坊 chronometer,invented,history,clock,watches,accuracy,Norman,Arnold chronometer,invented,clock,regulation,timekeeping,helmert,Helmholtz chronometer,invention,watchmaker,historical,precision,timekeeping
701453	what is a statutory deed statutory deed, legal document, law, real estate, formal deed statutory, deed, law, documentation, real estate, contract, legal, requirements, format statutory deed, legal document, law, real estate, contract, formal, requirements, purpose, documentation, property, registration statutory, deed, law, real, estate, document, legal, terminology statutory, deed, definition, law, real, estate
940547	when did rock n roll begin? rock,roll,beginning,music,1950s,history rock,roll,music,beginning,1950s,history rock,n-roll,beginning,history,music,1950s,1950,1940s,1930s rock, roll, music, start, history, 1950s, 1950s起源, jazz, blues rock,nroll,beginning,history,music,1950s
174463	dog day afternoon meaning dog, day, afternoon, meaning, film, quote, drama dog, day, afternoon, meaning, film, quote, cinema, interpretation, symbolism dog, day, afternoon, meaning, film, quote, interpretation, symbolism dog, day, afternoon, meaning, film, quote, scene, interpretation, symbolism dog, day, afternoon, meaning, film, quote, drama
1132532	average annual income data analyst average, annual, income, data, analyst, salaries, statistics, profession, employment, earnings average, annual, income, data, analyst, salary, job, market, statistics, demographics, technology average, annual, income, data, analyst, salary, statistics, job, market, trends average, annual, income, data, analyst, salaries, statistics, job, market average, annual, income, data, analyst, salaries, job, market, statistics
555530	what are best foods to lower cholesterol best,foods,lower,cholesterol,diet,healthy,high,fat,plant,s Soluble,Fiber,Vegetables,Fruits,Nuts,Legumes,Whole,Grapes,Soy foods,lower,cholesterol,best,diet,health,heart,vegetables,fruits,nuts,seeds,olive oil,whole grains best,foods,lower,cholesterol,health,diet,heart,vegetables,fruits,wholegrains,nuts,seeds,omega-3,plant-based,soluble-fiber foods,lower,cholesterol,best,diet,health,heart,vegetables,fruits,nuts,fatty,grains foods,lower,cholesterol,best,diet,health,heart,vegetables,fruits,nuts,seeds,fatty,omega-3
330975	how much would it cost to install my own wind turbine wind turbine installation, cost estimation, renewable energy, home wind turbine, electricity generation, DIY wind turbine, small wind turbines, wind power system, initial setup costs, maintenance expenses cost, install, wind, turbine, home, system, pricing, setup, energy, generator wind turbine installation, cost estimation, renewable energy, home wind turbine, DIY wind power, small wind turbines, turbine pricing, residential wind energy, wind generator setup, energy self sufficiency cost, install, wind, turbine, home, electricity, generator, system, pricing, DIY, energy, renewable wind turbine installation, cost estimate, home wind power, renewable energy, DIY wind turbine, turbine pricing, home wind system, wind energy setup, small wind turbines, residential wind power
121171	define etruscans definition, etruscan, civilization, history, ancient, Italy Etruscan, civilization, ancient, Italy, language, culture, history Etruscan, civilization, ancient, Italy, language, culture, history Etruscans, culture, ancient Italy, civilization, history, language, artifacts Etruscans, civilization, ancient Italy, language, culture, history, artifacts, mythology, Rome, influences
118440	define bmt medical bone,marrow,transplant,medical,procedure,therapy,cancer,treatment,hematology,oncology bone marrow transplantation, stem cells, oncology, hematopoietic, procedure, therapy, treatment, transplantation, medical procedure, hematopoietic stem cell transplantation bone marrow transplant, medical procedure, leukemia, cancer treatment, hematopoietic stem cell transplantation, oncology bone,marrow,transplant,medical,procedure,stem,cells,cancer,treatment,hematology,oncology bone,marrow,transplant,medical,procedure,cancer,therapy,hematology,oncology
997622	where is the show shameless filmed Shameless (TV series), filming locations, Chicago, CBS, Showtime Shameless (TV series), filming locations, Chicago, Showtime shameless filming location, Chicago filming, Shameless set, NBC show location Shameless (TV series), filming locations, Chicago, Illinois, CBS Studios Shameless, filming location, Chicago, Show, CBS
768208	what is mamey mamey fruit,mamey,pitahaya,dessert,edible,rare,central america,sweet,tropical mamey fruit,mamey sapote,mamey definition,mature mamey,scientific name mamey mamey fruit,mamey,papaya,carambola,drupe,banana mamey fruit,mamey sapote,flavor,texture,origin,cultivation,taste,nutrition,family,Sapotaceae mamey fruit,mamey sapote,mamey definition,mature mamey,raw mamey
332593	how often to button quail lay eggs button_quail, egg_laying, frequency, quail, breeding, poultry button_quail,frequency,egg,laying,quail,cycle,interval,poultry button_quail,frequency,egg,laying,cycle,pattern,interval,days,weeks button_quail, egg_laying, frequency, quail, breeding, poultry button.quail,egg,laying,frequency
1131069	how many sons robert kraft has Robert,Kraft,sons,family,biography Robert,Kraft,sons,family,children Robert,Kraft,sons,family,children,数量 Robert,Kraft,sons,number,family Robert,Kraft,sons,number,family
390360	ia suffix meaning artificial,intelligence,suffix,meaning,terminology,abbreviation artificial,intelligence,suffix,meaning,terminology,definition artificial,intelligence,suffix,meaning,definition,application,terminology,computing artificial,intelligence,suffix,meaning,definition,application,technique,terminology artificial,intelligence,suffix,meaning,definition,terminology,computing,jargon,abbreviation
1105792	define: geon geography, definition, geographical, location, terminology, earth, region geography, definition, location, Earth, geography terms, spatial, area geography, definition, geography_terms, geoname, location术语, geographical_definition geography, definition, location, map, earth, terrain, region geography, definition, geonames, geographical, location, database
1051399	who sings monk theme song monk_theme_song, theme_song_monk, singer_monk_theme, monk_tv_show_theme monk_theme_song,singing_monk,theme_song_artist,melody_makers monk, theme, song, singer, television, series monk_theme_song, theme_song_monk, singing_monk, monks_song_artist, theme_song_characters monk.theme.song,theme.singer,monk.musical.score,mystery.theme.song
911232	what type of conflict does della face in o, henry the gift of the magi internal, external, character, conflict, dilemma, sacrifice, love, o, Henry, short, story Della conflict, O. Henry, Gift of the Magi, financial conflict, internal conflict, external conflict internal, external, romantic, financial, character, dilemma internal,external,moral,time versus love,financial Della, O. Henry, Gift of the Magi, financial conflict, emotional conflict, sacrificial love
141630	describe how muscles and bones work together to produce movement muscles, bones, movement, anatomy, biomechanics, contraction, leverage, joints, lever system muscles, bones, movement, biomechanics, contraction, lever, joints, nervous, system, coordination muscles, bones, movement, anatomy, biomechanics, contraction, leverage, joints muscles, bones, movement, anatomy, biomechanics, contraction, leverage, joint, tendon, nerve, contraction, force, skeletal, myology muscles, bones, movement, biomechanics, contraction, lever, joint, fascia, tendon, skeletal肌肉, 肌肉和骨骼, 运动生产, 收缩, 杠杆作用, 关节, 腱, 骨骼系统
1115210	what is chaff and flare chaff, flare, military, deception, electronics, warfare,箔条弹,红外干扰弹 military, decoy, radar, aircraft, defense, false target, signal, electronics, warfare, countermeasures electronic,jamming,defense,military,deception,signal,intelligence,simulation,distraction,countermeasure electronic, decoy, defense, military, aviation, signal, jamming, aircraft electronic warfare, decoys, defense, military, jamming, misdirection
135802	definition of laudable definition, laudable, commendable, praiseworthy, admirable definition, laudable, commendable, praiseworthy, ethical, virtue definition, laudable, commendable, praiseworthy, virtuous definition, laudable, commendable, praiseworthy, ethical, virtuous definition, laudable, praise, commendable, worthy
336901	how old is vanessa redgrave vanessa,redgrave,age,birthyear,actress vanessa, redgrave, age, actress Vanessa,Redgrave,age,birthdate,actress vanessa,redgrave,age,birthdate,actor,film vanessa redgrave, age, actress
583468	what carvedilol used for carvedilol, medication, hypertension, heart failure, beta blocker, treatment carvedilol,用途,治疗高血压,改善心功能,降低死亡率,抗心绞痛,抗心律失常 carvedilol,用途,治疗,高血压,心力衰竭,β阻滞剂,心脏病 carvedilol,用途,治疗,高血压,心力衰竭,β阻滞剂,心血管疾病 carvedilol,用途,高血压,心力衰竭,β阻滞剂,心脏病,治疗效果
640502	what does it mean if your tsh is low thyroid, TSH, low, thyroid hormone, meaning, symptoms, thyroiditis, hypothyroidism thyroid, TSH, levels, symptoms, low, thyroid hormone, metabolism, thyroid stimulating hormone low TSH, thyroid stimulating hormone, thyroid function, hypothyroidism, thyroid disorder, thyroid symptoms, hormonal imbalance TSH, thyroid, levels, low, meaning, symptoms, hormone, thyroid stimulating hormone thyroid, TSH, thyroid stimulating hormone, low, meaning, symptoms, hormone, health, endocrine, metabolism
405163	is caffeine an narcotic caffeine,narcotic,stimulant,drug,coffee,tea,energy,alcohol,drug classification caffeine,narcotic,stimulant,drug,alkaloid,beverages,coffee,tea,energy,drinks caffeine,narcotic,stimulant,drug,alkaloid,beverages,coffee,tea,sleep,affect,intensity,effects caffeine,narcotic,stimulant,drug,coffee,tea,energy,alcohol caffeine,narcotic,stimulant,drug,coffee,tea,energy,alcohol,body,chemistry,biology
1133579	how does granulation tissue start granulation,tissue,formation,healing,injury,wound,biology,medicine granulation,tissue,start,healing,injury,biology,medical,process granulation,tissue,start,healing,wound,injury,biology,medical,process,formation granulation, tissue, wound, healing, process, initial, stages, fibroblasts, angiogenesis granulation, tissue, healing, wound, development, initial, stages, biology
1136962	why did the ancient egyptians call their land kemet, or black land? ancient egypt, kemet, black land, Nile, civilization, geography, terminology ancient, egypt, kemet, black, land, Nile, civilization, geography, culture ancient Egypt, Kemet, Black Land, Nile River, civilization, geography, soil color, nome, historiography ancient egypt, kemet, black land, Nile, civilization, geography, culture ancient, egypt, kemet, black, land, terminology, Nile, civilization
1136047	difference between a company's strategy and business model is strategy,business model,distinction,company planning strategy,business model,distinction,approach,framework strategy, business model, difference, company, approach, plan, value proposition, resources, structure, implementation strategy,business model,distinction,implementation,goals,resources,structure,innovation,market positioning,execution strategy, business model, company, distinction, approach, framework
1121353	what can you do about discrimination in the workplace in oklahoma city discrimination, workplace, oklahoma, city, policies, laws, HR, complaints, diversity, equality discrimination, workplace, oklahoma city, policies, laws, HR, diversity, equal, employment, complaints discrimination, workplace, oklahoma, city, policies, report, diversity, equality, laws, HR, training discrimination, workplace, oklahoma, city, policies, report, diversity, equality, HR, laws, training discrimination, workplace, oklahoma, city, policies, report, HR, training, laws, diversity, equal, opportunity
1109707	what medium do radio waves travel through radio, waves, medium, travel, electromagnetic, atmosphere, space radio waves, medium, travel, atmosphere, space, vacuum radio waves, medium, travel, electromagnetic, space, atmosphere, vacuum radio waves, medium, travel, atmosphere, space, vacuum radio, waves, medium, travel, electromagnetic, space, vacuum, atmosphere
1136043	difference between a hotel and motel hotel,motel,accommodation,stay,dormitory,boardinghouse hotel,motel,accommodation,type,duration,parking,amenities,location hotel,motel,accommodation,type,duration,parking,services,amenities hotel,motel,accommodation,dormitory,residence,classification,amenities,parking,services,location,price,features hotel,motel,accommodation,dormitory,resort,boarding,short-term,extended-stay,travel,lodging,camping,rental
42255	average salary for dental hygienist in nebraska average,salary,dental,hygienist,nebraska,dental hygiene,oral health,career,salaries,denver,omaha average,salary,dental,hygienist,nebraska,district,united,states,annual,wage,economic,statistics average,salary,dental,hygienist,nebraska,dental hygiene,nebraskan average,salary,dental,hygienist,nebraska,2023 dental hygienist, salary, Nebraska, average, income
1030303	who is aziz hashim Aziz, Hashim, politician, Malaysia, former, Prime Minister, deputy Aziz Hashim, Malaysia, politics, former, deputy, prime, minister Aziz, Hashim, Malaysian, politician, Prime, Minister, Deputy Aziz, Hashim, politician, Malaysia, PAS, leader Aziz, Hashim, politician, Malaysia, Umno, Deputy Prime Minister
673670	what is a alm asset,management,definition,enterprise,software,humanresources,capital,finance,talent,retirement,pension,benefits,insurance Asset, Management, Liability, Enterprise, Strategy asset,management,system,finance,enterprise,software,solution asset,management,definition,corporate,financial Asset,Management,Life,Cycle,Lifecycle,Enterprise,Resource,Planning,ERP,IT,Finance
324585	how much money do motivational speakers make motivational speakers, earnings, income, fees, speaking engagements, success stories, testimonials motivational speakers, earnings, income, fees, speaking engagements, motivation industry motivational speakers, earnings, income, fees, speaking engagements, motivation industry, public speaking, salaries motivational speakers, earnings, income, speaking fees, motivators, payment, rates, salary, success coaches motivational speakers, earnings, income, fees, speakers' pay, success stories, speaking engagements, rates
